[
{
  "model": "email_auth.user",
  "pk": 1,
  "fields": {
    "password": "pbkdf2_sha256$36000$8R4kFKxnxBIr$WyIKs/gXowtTkA+VbE9u+lPGQ9QM5vTodCKPoOE/6+0=",
    "last_login": "2018-05-09T07:14:19.009Z",
    "is_superuser": true,
    "username": "admin",
    "first_name": "",
    "last_name": "",
    "email": "admin@example.com",
    "is_staff": true,
    "is_active": true,
    "date_joined": "2018-05-09T06:45:24.007Z",
    "groups": [],
    "user_permissions": []
  }
},
{
  "model": "email_auth.user",
  "pk": 2,
  "fields": {
    "password": "!DiK1t6DV2Hic3JptquC21DlsNcAYvgRUgieAMXtX",
    "last_login": null,
    "is_superuser": false,
    "username": "9SQ7UH6s0EKM3V48bwd414sFVOmH",
    "first_name": "",
    "last_name": "",
    "email": "",
    "is_staff": false,
    "is_active": false,
    "date_joined": "2018-05-09T07:07:38.442Z",
    "groups": [],
    "user_permissions": []
  }
},
{
  "model": "cms.usersettings",
  "pk": 1,
  "fields": {
    "user": [
      "admin@example.com"
    ],
    "language": "en",
    "clipboard": 1
  }
},
{
  "model": "cms.treenode",
  "pk": 1,
  "fields": {
    "path": "0001",
    "depth": 1,
    "numchild": 0,
    "parent": null,
    "site": [
      "example.com"
    ]
  }
},
{
  "model": "cms.treenode",
  "pk": 2,
  "fields": {
    "path": "0004",
    "depth": 1,
    "numchild": 0,
    "parent": null,
    "site": [
      "example.com"
    ]
  }
},
{
  "model": "cms.treenode",
  "pk": 3,
  "fields": {
    "path": "0003",
    "depth": 1,
    "numchild": 0,
    "parent": null,
    "site": [
      "example.com"
    ]
  }
},
{
  "model": "cms.treenode",
  "pk": 4,
  "fields": {
    "path": "0002",
    "depth": 1,
    "numchild": 1,
    "parent": null,
    "site": [
      "example.com"
    ]
  }
},
{
  "model": "cms.treenode",
  "pk": 5,
  "fields": {
    "path": "00020001",
    "depth": 2,
    "numchild": 0,
    "parent": 4,
    "site": [
      "example.com"
    ]
  }
},
{
  "model": "cms.page",
  "pk": 1,
  "fields": {
    "created_by": "admin",
    "changed_by": "admin",
    "creation_date": "2018-05-09T06:47:17.992Z",
    "changed_date": "2018-05-09T06:47:18.032Z",
    "publication_date": "2018-05-09T06:47:18.011Z",
    "publication_end_date": null,
    "in_navigation": true,
    "soft_root": false,
    "reverse_id": null,
    "navigation_extenders": null,
    "template": "INHERIT",
    "login_required": false,
    "limit_visibility_in_menu": null,
    "is_home": true,
    "application_urls": null,
    "application_namespace": null,
    "publisher_is_draft": true,
    "publisher_public": 2,
    "languages": "en",
    "xframe_options": 0,
    "is_page_type": false,
    "node": 1,
    "placeholders": [
      2
    ]
  }
},
{
  "model": "cms.page",
  "pk": 2,
  "fields": {
    "created_by": "admin",
    "changed_by": "admin",
    "creation_date": "2018-05-09T06:47:18.011Z",
    "changed_date": "2018-05-09T06:47:18.024Z",
    "publication_date": "2018-05-09T06:47:18.011Z",
    "publication_end_date": null,
    "in_navigation": true,
    "soft_root": false,
    "reverse_id": null,
    "navigation_extenders": null,
    "template": "INHERIT",
    "login_required": false,
    "limit_visibility_in_menu": null,
    "is_home": true,
    "application_urls": null,
    "application_namespace": null,
    "publisher_is_draft": false,
    "publisher_public": 1,
    "languages": "en",
    "xframe_options": 0,
    "is_page_type": false,
    "node": 1,
    "placeholders": [
      3
    ]
  }
},
{
  "model": "cms.page",
  "pk": 3,
  "fields": {
    "created_by": "admin",
    "changed_by": "admin",
    "creation_date": "2018-05-09T06:47:41.674Z",
    "changed_date": "2018-05-09T07:14:57.339Z",
    "publication_date": "2018-05-09T06:47:49.773Z",
    "publication_end_date": null,
    "in_navigation": false,
    "soft_root": false,
    "reverse_id": null,
    "navigation_extenders": null,
    "template": "INHERIT",
    "login_required": false,
    "limit_visibility_in_menu": null,
    "is_home": false,
    "application_urls": "ShopitApphook",
    "application_namespace": null,
    "publisher_is_draft": true,
    "publisher_public": 4,
    "languages": "en",
    "xframe_options": 0,
    "is_page_type": false,
    "node": 2,
    "placeholders": [
      4
    ]
  }
},
{
  "model": "cms.page",
  "pk": 4,
  "fields": {
    "created_by": "admin",
    "changed_by": "admin",
    "creation_date": "2018-05-09T06:47:49.774Z",
    "changed_date": "2018-05-09T07:14:59.271Z",
    "publication_date": "2018-05-09T06:47:49.773Z",
    "publication_end_date": null,
    "in_navigation": false,
    "soft_root": false,
    "reverse_id": null,
    "navigation_extenders": null,
    "template": "INHERIT",
    "login_required": false,
    "limit_visibility_in_menu": null,
    "is_home": false,
    "application_urls": "ShopitApphook",
    "application_namespace": null,
    "publisher_is_draft": false,
    "publisher_public": 3,
    "languages": "en",
    "xframe_options": 0,
    "is_page_type": false,
    "node": 2,
    "placeholders": [
      5
    ]
  }
},
{
  "model": "cms.page",
  "pk": 5,
  "fields": {
    "created_by": "admin",
    "changed_by": "admin",
    "creation_date": "2018-05-09T06:48:46.677Z",
    "changed_date": "2018-05-09T06:48:51.949Z",
    "publication_date": "2018-05-09T06:48:56.510Z",
    "publication_end_date": null,
    "in_navigation": true,
    "soft_root": false,
    "reverse_id": null,
    "navigation_extenders": null,
    "template": "default.html",
    "login_required": false,
    "limit_visibility_in_menu": null,
    "is_home": false,
    "application_urls": "ShopitAccountApphook",
    "application_namespace": null,
    "publisher_is_draft": true,
    "publisher_public": 6,
    "languages": "en",
    "xframe_options": 0,
    "is_page_type": false,
    "node": 3,
    "placeholders": [
      6
    ]
  }
},
{
  "model": "cms.page",
  "pk": 6,
  "fields": {
    "created_by": "admin",
    "changed_by": "admin",
    "creation_date": "2018-05-09T06:48:56.510Z",
    "changed_date": "2018-05-09T06:48:56.511Z",
    "publication_date": "2018-05-09T06:48:56.510Z",
    "publication_end_date": null,
    "in_navigation": true,
    "soft_root": false,
    "reverse_id": null,
    "navigation_extenders": null,
    "template": "default.html",
    "login_required": false,
    "limit_visibility_in_menu": null,
    "is_home": false,
    "application_urls": "ShopitAccountApphook",
    "application_namespace": null,
    "publisher_is_draft": false,
    "publisher_public": 5,
    "languages": "en",
    "xframe_options": 0,
    "is_page_type": false,
    "node": 3,
    "placeholders": [
      7
    ]
  }
},
{
  "model": "cms.page",
  "pk": 7,
  "fields": {
    "created_by": "admin",
    "changed_by": "admin",
    "creation_date": "2018-05-09T06:49:32.486Z",
    "changed_date": "2018-05-09T06:49:41.207Z",
    "publication_date": "2018-05-09T06:49:46.043Z",
    "publication_end_date": null,
    "in_navigation": true,
    "soft_root": false,
    "reverse_id": null,
    "navigation_extenders": null,
    "template": "default.html",
    "login_required": false,
    "limit_visibility_in_menu": null,
    "is_home": false,
    "application_urls": "ShopitProductsApphook",
    "application_namespace": null,
    "publisher_is_draft": true,
    "publisher_public": 8,
    "languages": "en",
    "xframe_options": 0,
    "is_page_type": false,
    "node": 4,
    "placeholders": [
      8
    ]
  }
},
{
  "model": "cms.page",
  "pk": 8,
  "fields": {
    "created_by": "admin",
    "changed_by": "admin",
    "creation_date": "2018-05-09T06:49:46.043Z",
    "changed_date": "2018-05-09T06:49:46.043Z",
    "publication_date": "2018-05-09T06:49:46.043Z",
    "publication_end_date": null,
    "in_navigation": true,
    "soft_root": false,
    "reverse_id": null,
    "navigation_extenders": null,
    "template": "default.html",
    "login_required": false,
    "limit_visibility_in_menu": null,
    "is_home": false,
    "application_urls": "ShopitProductsApphook",
    "application_namespace": null,
    "publisher_is_draft": false,
    "publisher_public": 7,
    "languages": "en",
    "xframe_options": 0,
    "is_page_type": false,
    "node": 4,
    "placeholders": [
      9
    ]
  }
},
{
  "model": "cms.page",
  "pk": 9,
  "fields": {
    "created_by": "admin",
    "changed_by": "admin",
    "creation_date": "2018-05-09T06:51:43.759Z",
    "changed_date": "2018-05-09T07:14:24.691Z",
    "publication_date": "2018-05-09T06:51:52.701Z",
    "publication_end_date": null,
    "in_navigation": false,
    "soft_root": false,
    "reverse_id": null,
    "navigation_extenders": null,
    "template": "INHERIT",
    "login_required": false,
    "limit_visibility_in_menu": null,
    "is_home": false,
    "application_urls": "ShopitCategoriesApphook",
    "application_namespace": null,
    "publisher_is_draft": true,
    "publisher_public": 10,
    "languages": "en",
    "xframe_options": 0,
    "is_page_type": false,
    "node": 5,
    "placeholders": [
      10
    ]
  }
},
{
  "model": "cms.page",
  "pk": 10,
  "fields": {
    "created_by": "admin",
    "changed_by": "admin",
    "creation_date": "2018-05-09T06:51:52.701Z",
    "changed_date": "2018-05-09T07:14:26.312Z",
    "publication_date": "2018-05-09T06:51:52.701Z",
    "publication_end_date": null,
    "in_navigation": false,
    "soft_root": false,
    "reverse_id": null,
    "navigation_extenders": null,
    "template": "INHERIT",
    "login_required": false,
    "limit_visibility_in_menu": null,
    "is_home": false,
    "application_urls": "ShopitCategoriesApphook",
    "application_namespace": null,
    "publisher_is_draft": false,
    "publisher_public": 9,
    "languages": "en",
    "xframe_options": 0,
    "is_page_type": false,
    "node": 5,
    "placeholders": [
      11
    ]
  }
},
{
  "model": "cms.placeholder",
  "pk": 1,
  "fields": {
    "slot": "clipboard",
    "default_width": null
  }
},
{
  "model": "cms.placeholder",
  "pk": 2,
  "fields": {
    "slot": "content",
    "default_width": null
  }
},
{
  "model": "cms.placeholder",
  "pk": 3,
  "fields": {
    "slot": "content",
    "default_width": null
  }
},
{
  "model": "cms.placeholder",
  "pk": 4,
  "fields": {
    "slot": "content",
    "default_width": null
  }
},
{
  "model": "cms.placeholder",
  "pk": 5,
  "fields": {
    "slot": "content",
    "default_width": null
  }
},
{
  "model": "cms.placeholder",
  "pk": 6,
  "fields": {
    "slot": "content",
    "default_width": null
  }
},
{
  "model": "cms.placeholder",
  "pk": 7,
  "fields": {
    "slot": "content",
    "default_width": null
  }
},
{
  "model": "cms.placeholder",
  "pk": 8,
  "fields": {
    "slot": "content",
    "default_width": null
  }
},
{
  "model": "cms.placeholder",
  "pk": 9,
  "fields": {
    "slot": "content",
    "default_width": null
  }
},
{
  "model": "cms.placeholder",
  "pk": 10,
  "fields": {
    "slot": "content",
    "default_width": null
  }
},
{
  "model": "cms.placeholder",
  "pk": 11,
  "fields": {
    "slot": "content",
    "default_width": null
  }
},
{
  "model": "cms.placeholder",
  "pk": 12,
  "fields": {
    "slot": "shopit_category_content",
    "default_width": null
  }
},
{
  "model": "cms.placeholder",
  "pk": 13,
  "fields": {
    "slot": "shopit_brand_content",
    "default_width": null
  }
},
{
  "model": "cms.placeholder",
  "pk": 14,
  "fields": {
    "slot": "shopit_manufacturer_content",
    "default_width": null
  }
},
{
  "model": "cms.placeholder",
  "pk": 15,
  "fields": {
    "slot": "shopit_product_content",
    "default_width": null
  }
},
{
  "model": "cms.placeholder",
  "pk": 16,
  "fields": {
    "slot": "shopit_product_content",
    "default_width": null
  }
},
{
  "model": "cms.placeholder",
  "pk": 17,
  "fields": {
    "slot": "shopit_product_content",
    "default_width": null
  }
},
{
  "model": "cms.placeholder",
  "pk": 18,
  "fields": {
    "slot": "shopit_product_content",
    "default_width": null
  }
},
{
  "model": "cms.placeholder",
  "pk": 19,
  "fields": {
    "slot": "shopit_product_content",
    "default_width": null
  }
},
{
  "model": "cms.placeholder",
  "pk": 20,
  "fields": {
    "slot": "shopit_product_content",
    "default_width": null
  }
},
{
  "model": "cms.placeholder",
  "pk": 21,
  "fields": {
    "slot": "shopit_product_content",
    "default_width": null
  }
},
{
  "model": "cms.placeholder",
  "pk": 22,
  "fields": {
    "slot": "shopit_product_content",
    "default_width": null
  }
},
{
  "model": "cms.placeholder",
  "pk": 23,
  "fields": {
    "slot": "shopit_product_content",
    "default_width": null
  }
},
{
  "model": "cms.placeholder",
  "pk": 24,
  "fields": {
    "slot": "shopit_product_content",
    "default_width": null
  }
},
{
  "model": "cms.placeholder",
  "pk": 25,
  "fields": {
    "slot": "shopit_product_content",
    "default_width": null
  }
},
{
  "model": "cms.placeholder",
  "pk": 26,
  "fields": {
    "slot": "shopit_product_content",
    "default_width": null
  }
},
{
  "model": "cms.placeholder",
  "pk": 27,
  "fields": {
    "slot": "shopit_product_content",
    "default_width": null
  }
},
{
  "model": "cms.placeholder",
  "pk": 28,
  "fields": {
    "slot": "shopit_brand_content",
    "default_width": null
  }
},
{
  "model": "cms.placeholder",
  "pk": 29,
  "fields": {
    "slot": "shopit_product_content",
    "default_width": null
  }
},
{
  "model": "cms.placeholder",
  "pk": 30,
  "fields": {
    "slot": "shopit_product_content",
    "default_width": null
  }
},
{
  "model": "cms.placeholder",
  "pk": 31,
  "fields": {
    "slot": "shopit_product_content",
    "default_width": null
  }
},
{
  "model": "cms.placeholder",
  "pk": 32,
  "fields": {
    "slot": "shopit_product_content",
    "default_width": null
  }
},
{
  "model": "cms.placeholder",
  "pk": 33,
  "fields": {
    "slot": "shopit_product_content",
    "default_width": null
  }
},
{
  "model": "cms.placeholder",
  "pk": 34,
  "fields": {
    "slot": "shopit_product_content",
    "default_width": null
  }
},
{
  "model": "cms.placeholder",
  "pk": 35,
  "fields": {
    "slot": "shopit_product_content",
    "default_width": null
  }
},
{
  "model": "cms.placeholder",
  "pk": 36,
  "fields": {
    "slot": "shopit_product_content",
    "default_width": null
  }
},
{
  "model": "cms.placeholder",
  "pk": 37,
  "fields": {
    "slot": "shopit_product_content",
    "default_width": null
  }
},
{
  "model": "cms.title",
  "pk": 1,
  "fields": {
    "language": "en",
    "title": "Home",
    "page_title": "",
    "menu_title": "",
    "meta_description": "",
    "slug": "home",
    "path": "",
    "has_url_overwrite": false,
    "redirect": null,
    "page": 1,
    "creation_date": "2018-05-09T06:47:17.993Z",
    "published": true,
    "publisher_is_draft": true,
    "publisher_public": 2,
    "publisher_state": 0
  }
},
{
  "model": "cms.title",
  "pk": 2,
  "fields": {
    "language": "en",
    "title": "Home",
    "page_title": "",
    "menu_title": "",
    "meta_description": "",
    "slug": "home",
    "path": "",
    "has_url_overwrite": false,
    "redirect": null,
    "page": 2,
    "creation_date": "2018-05-09T06:47:17.993Z",
    "published": true,
    "publisher_is_draft": false,
    "publisher_public": 1,
    "publisher_state": 0
  }
},
{
  "model": "cms.title",
  "pk": 3,
  "fields": {
    "language": "en",
    "title": "Shop",
    "page_title": "",
    "menu_title": "",
    "meta_description": "",
    "slug": "shop",
    "path": "shop",
    "has_url_overwrite": false,
    "redirect": null,
    "page": 3,
    "creation_date": "2018-05-09T06:47:41.675Z",
    "published": true,
    "publisher_is_draft": true,
    "publisher_public": 4,
    "publisher_state": 0
  }
},
{
  "model": "cms.title",
  "pk": 4,
  "fields": {
    "language": "en",
    "title": "Shop",
    "page_title": "",
    "menu_title": "",
    "meta_description": "",
    "slug": "shop",
    "path": "shop",
    "has_url_overwrite": false,
    "redirect": null,
    "page": 4,
    "creation_date": "2018-05-09T06:47:41.675Z",
    "published": true,
    "publisher_is_draft": false,
    "publisher_public": 3,
    "publisher_state": 0
  }
},
{
  "model": "cms.title",
  "pk": 5,
  "fields": {
    "language": "en",
    "title": "Account",
    "page_title": "",
    "menu_title": "",
    "meta_description": "",
    "slug": "account",
    "path": "account",
    "has_url_overwrite": false,
    "redirect": null,
    "page": 5,
    "creation_date": "2018-05-09T06:48:46.679Z",
    "published": true,
    "publisher_is_draft": true,
    "publisher_public": 6,
    "publisher_state": 0
  }
},
{
  "model": "cms.title",
  "pk": 6,
  "fields": {
    "language": "en",
    "title": "Account",
    "page_title": "",
    "menu_title": "",
    "meta_description": "",
    "slug": "account",
    "path": "account",
    "has_url_overwrite": false,
    "redirect": null,
    "page": 6,
    "creation_date": "2018-05-09T06:48:46.679Z",
    "published": true,
    "publisher_is_draft": false,
    "publisher_public": 5,
    "publisher_state": 0
  }
},
{
  "model": "cms.title",
  "pk": 7,
  "fields": {
    "language": "en",
    "title": "Products",
    "page_title": "",
    "menu_title": "",
    "meta_description": "",
    "slug": "products",
    "path": "products",
    "has_url_overwrite": false,
    "redirect": null,
    "page": 7,
    "creation_date": "2018-05-09T06:49:32.487Z",
    "published": true,
    "publisher_is_draft": true,
    "publisher_public": 8,
    "publisher_state": 0
  }
},
{
  "model": "cms.title",
  "pk": 8,
  "fields": {
    "language": "en",
    "title": "Products",
    "page_title": "",
    "menu_title": "",
    "meta_description": "",
    "slug": "products",
    "path": "products",
    "has_url_overwrite": false,
    "redirect": null,
    "page": 8,
    "creation_date": "2018-05-09T06:49:32.487Z",
    "published": true,
    "publisher_is_draft": false,
    "publisher_public": 7,
    "publisher_state": 0
  }
},
{
  "model": "cms.title",
  "pk": 9,
  "fields": {
    "language": "en",
    "title": "Categories",
    "page_title": "",
    "menu_title": "",
    "meta_description": "",
    "slug": "categories",
    "path": "products/categories",
    "has_url_overwrite": false,
    "redirect": null,
    "page": 9,
    "creation_date": "2018-05-09T06:51:43.760Z",
    "published": true,
    "publisher_is_draft": true,
    "publisher_public": 10,
    "publisher_state": 0
  }
},
{
  "model": "cms.title",
  "pk": 10,
  "fields": {
    "language": "en",
    "title": "Categories",
    "page_title": "",
    "menu_title": "",
    "meta_description": "",
    "slug": "categories",
    "path": "products/categories",
    "has_url_overwrite": false,
    "redirect": null,
    "page": 10,
    "creation_date": "2018-05-09T06:51:43.760Z",
    "published": true,
    "publisher_is_draft": false,
    "publisher_public": 9,
    "publisher_state": 0
  }
},
{
  "model": "cms.urlconfrevision",
  "pk": 1,
  "fields": {
    "revision": "7b8c7711-0776-4e37-a579-77e735b1c1d1"
  }
},
{
  "model": "shopit.customer",
  "pk": 1,
  "fields": {
    "recognized": "REGISTERED",
    "last_access": "2018-05-09T07:21:06.240Z",
    "extra": "{}",
    "number": null,
    "salutation": "",
    "phone_number": ""
  }
},
{
  "model": "shopit.customer",
  "pk": 2,
  "fields": {
    "recognized": "UNRECOGNIZED",
    "last_access": "2018-05-09T07:07:44.729Z",
    "extra": "{}",
    "number": null,
    "salutation": "",
    "phone_number": ""
  }
},
{
  "model": "shopit.modifiertranslation",
  "pk": 1,
  "fields": {
    "language_code": "en",
    "name": "Discount over \u20ac400 (20%)",
    "master": 1
  }
},
{
  "model": "shopit.modifiertranslation",
  "pk": 2,
  "fields": {
    "language_code": "en",
    "name": "Pixel discount 5%",
    "master": 2
  }
},
{
  "model": "shopit.modifier",
  "pk": 1,
  "fields": {
    "code": "discount-over-400-20",
    "amount": 0.0,
    "percent": "-20.00",
    "kind": "cart",
    "active": true,
    "created_at": "2018-05-09T07:17:45.036Z",
    "updated_at": "2018-05-09T07:20:01.580Z",
    "order": 1
  }
},
{
  "model": "shopit.modifier",
  "pk": 2,
  "fields": {
    "code": "pixel-discount-5",
    "amount": 0.0,
    "percent": "-5.00",
    "kind": "discount",
    "active": true,
    "created_at": "2018-05-09T07:20:38.025Z",
    "updated_at": "2018-05-09T07:20:38.025Z",
    "order": 2
  }
},
{
  "model": "shopit.modifiercondition",
  "pk": 1,
  "fields": {
    "modifier": 1,
    "path": "shopit.modifier_conditions.PriceGreaterThanCondition",
    "value": "400.00",
    "order": 1
  }
},
{
  "model": "shopit.categorytranslation",
  "pk": 1,
  "fields": {
    "language_code": "en",
    "name": "Technology",
    "slug": "technology",
    "description": "<p>All the products related to technology.</p>",
    "master": 1
  }
},
{
  "model": "shopit.category",
  "pk": 1,
  "fields": {
    "_featured_image": null,
    "parent": null,
    "active": true,
    "created_at": "2018-05-09T06:53:12.673Z",
    "updated_at": "2018-05-09T06:53:12.673Z",
    "content": 12,
    "_tax": null,
    "lft": 1,
    "rght": 2,
    "tree_id": 1,
    "level": 0,
    "modifiers": [],
    "flags": []
  }
},
{
  "model": "shopit.brandtranslation",
  "pk": 1,
  "fields": {
    "language_code": "en",
    "name": "Apple",
    "slug": "apple",
    "description": "",
    "master": 1
  }
},
{
  "model": "shopit.brandtranslation",
  "pk": 2,
  "fields": {
    "language_code": "en",
    "name": "Google",
    "slug": "google",
    "description": "",
    "master": 2
  }
},
{
  "model": "shopit.brand",
  "pk": 1,
  "fields": {
    "_featured_image": null,
    "parent": null,
    "active": true,
    "created_at": "2018-05-09T06:53:24.902Z",
    "updated_at": "2018-05-09T06:53:24.902Z",
    "content": 13,
    "lft": 1,
    "rght": 2,
    "tree_id": 1,
    "level": 0,
    "modifiers": [],
    "flags": []
  }
},
{
  "model": "shopit.brand",
  "pk": 2,
  "fields": {
    "_featured_image": null,
    "parent": null,
    "active": true,
    "created_at": "2018-05-09T06:59:12.661Z",
    "updated_at": "2018-05-09T06:59:12.661Z",
    "content": 28,
    "lft": 1,
    "rght": 2,
    "tree_id": 2,
    "level": 0,
    "modifiers": [],
    "flags": []
  }
},
{
  "model": "shopit.manufacturertranslation",
  "pk": 1,
  "fields": {
    "language_code": "en",
    "name": "Made in China",
    "slug": "made-china",
    "description": "",
    "master": 1
  }
},
{
  "model": "shopit.manufacturer",
  "pk": 1,
  "fields": {
    "_featured_image": null,
    "parent": null,
    "active": true,
    "created_at": "2018-05-09T06:53:33.751Z",
    "updated_at": "2018-05-09T06:53:33.751Z",
    "content": 14,
    "lft": 1,
    "rght": 2,
    "tree_id": 1,
    "level": 0,
    "modifiers": [],
    "flags": []
  }
},
{
  "model": "shopit.producttranslation",
  "pk": 1,
  "fields": {
    "language_code": "en",
    "name": "iPhone 8",
    "slug": "iphone-8",
    "_caption": "This is iPhone.",
    "_description": "",
    "master": 1
  }
},
{
  "model": "shopit.producttranslation",
  "pk": 2,
  "fields": {
    "language_code": "en",
    "name": "iPhone 8 Space Gray 64g",
    "slug": "iphone-8-space-gray-64g",
    "_caption": "",
    "_description": "",
    "master": 2
  }
},
{
  "model": "shopit.producttranslation",
  "pk": 3,
  "fields": {
    "language_code": "en",
    "name": "iPhone 8 Space Gray 128g",
    "slug": "iphone-8-space-gray-128g",
    "_caption": "",
    "_description": "",
    "master": 3
  }
},
{
  "model": "shopit.producttranslation",
  "pk": 4,
  "fields": {
    "language_code": "en",
    "name": "iPhone 8 Space Gray 256g",
    "slug": "iphone-8-space-gray-256g",
    "_caption": "",
    "_description": "",
    "master": 4
  }
},
{
  "model": "shopit.producttranslation",
  "pk": 5,
  "fields": {
    "language_code": "en",
    "name": "iPhone 8 Silver 64g",
    "slug": "iphone-8-silver-64g",
    "_caption": "",
    "_description": "",
    "master": 5
  }
},
{
  "model": "shopit.producttranslation",
  "pk": 6,
  "fields": {
    "language_code": "en",
    "name": "iPhone 8 Silver 128g",
    "slug": "iphone-8-silver-128g",
    "_caption": "",
    "_description": "",
    "master": 6
  }
},
{
  "model": "shopit.producttranslation",
  "pk": 7,
  "fields": {
    "language_code": "en",
    "name": "iPhone 8 Silver 256g",
    "slug": "iphone-8-silver-256g",
    "_caption": "",
    "_description": "",
    "master": 7
  }
},
{
  "model": "shopit.producttranslation",
  "pk": 8,
  "fields": {
    "language_code": "en",
    "name": "iPhone 8 Gold 64g",
    "slug": "iphone-8-gold-64g",
    "_caption": "",
    "_description": "",
    "master": 8
  }
},
{
  "model": "shopit.producttranslation",
  "pk": 9,
  "fields": {
    "language_code": "en",
    "name": "iPhone 8 Gold 128g",
    "slug": "iphone-8-gold-128g",
    "_caption": "",
    "_description": "",
    "master": 9
  }
},
{
  "model": "shopit.producttranslation",
  "pk": 10,
  "fields": {
    "language_code": "en",
    "name": "iPhone 8 Gold 256g",
    "slug": "iphone-8-gold-256g",
    "_caption": "",
    "_description": "",
    "master": 10
  }
},
{
  "model": "shopit.producttranslation",
  "pk": 11,
  "fields": {
    "language_code": "en",
    "name": "iPhone 8 Rose Gold 64g",
    "slug": "iphone-8-rose-gold-64g",
    "_caption": "",
    "_description": "",
    "master": 11
  }
},
{
  "model": "shopit.producttranslation",
  "pk": 12,
  "fields": {
    "language_code": "en",
    "name": "iPhone 8 Rose Gold 128g",
    "slug": "iphone-8-rose-gold-128g",
    "_caption": "",
    "_description": "",
    "master": 12
  }
},
{
  "model": "shopit.producttranslation",
  "pk": 13,
  "fields": {
    "language_code": "en",
    "name": "iPhone 8 Rose Gold 256g",
    "slug": "iphone-8-rose-gold-256g",
    "_caption": "",
    "_description": "",
    "master": 13
  }
},
{
  "model": "shopit.producttranslation",
  "pk": 14,
  "fields": {
    "language_code": "en",
    "name": "Pixel 2",
    "slug": "pixel-2",
    "_caption": "This is Pixel 2.",
    "_description": "",
    "master": 14
  }
},
{
  "model": "shopit.producttranslation",
  "pk": 15,
  "fields": {
    "language_code": "en",
    "name": "Pixel 2 Just Black",
    "slug": "pixel-2-just-black",
    "_caption": "",
    "_description": "",
    "master": 15
  }
},
{
  "model": "shopit.producttranslation",
  "pk": 16,
  "fields": {
    "language_code": "en",
    "name": "Pixel 2 Just Black XL",
    "slug": "pixel-2-just-black-xl",
    "_caption": "",
    "_description": "",
    "master": 16
  }
},
{
  "model": "shopit.producttranslation",
  "pk": 17,
  "fields": {
    "language_code": "en",
    "name": "Pixel 2 Clearly White",
    "slug": "pixel-2-clearly-white",
    "_caption": "",
    "_description": "",
    "master": 17
  }
},
{
  "model": "shopit.producttranslation",
  "pk": 18,
  "fields": {
    "language_code": "en",
    "name": "Pixel 2 Clearly White XL",
    "slug": "pixel-2-clearly-white-xl",
    "_caption": "",
    "_description": "",
    "master": 18
  }
},
{
  "model": "shopit.producttranslation",
  "pk": 19,
  "fields": {
    "language_code": "en",
    "name": "Pixel 2 Kinda Blue",
    "slug": "pixel-2-kinda-blue",
    "_caption": "",
    "_description": "",
    "master": 19
  }
},
{
  "model": "shopit.producttranslation",
  "pk": 20,
  "fields": {
    "language_code": "en",
    "name": "Pixel 2 Kinda Blue XL",
    "slug": "pixel-2-kinda-blue-xl",
    "_caption": "",
    "_description": "",
    "master": 20
  }
},
{
  "model": "shopit.producttranslation",
  "pk": 21,
  "fields": {
    "language_code": "en",
    "name": "Pixel 2 Black & White",
    "slug": "pixel-2-black-white",
    "_caption": "",
    "_description": "",
    "master": 21
  }
},
{
  "model": "shopit.producttranslation",
  "pk": 22,
  "fields": {
    "language_code": "en",
    "name": "Pixel 2 Black & White XL",
    "slug": "pixel-2-black-white-xl",
    "_caption": "",
    "_description": "",
    "master": 22
  }
},
{
  "model": "shopit.product",
  "pk": 1,
  "fields": {
    "polymorphic_ctype": [
      "shopit",
      "product"
    ],
    "created_at": "2018-05-09T06:55:28.058Z",
    "updated_at": "2018-05-09T07:01:58.285Z",
    "active": true,
    "code": "1",
    "_category": 1,
    "_brand": 1,
    "_manufacturer": 1,
    "_unit_price": 399.0,
    "_discount": null,
    "_tax": null,
    "kind": 1,
    "discountable": true,
    "_width": null,
    "_height": null,
    "_depth": null,
    "_weight": null,
    "group": null,
    "published": "2018-05-09T06:52:29Z",
    "quantity": null,
    "order": 1525848749000,
    "content": 15,
    "modifiers": [],
    "flags": [],
    "available_attributes": [
      1,
      2
    ]
  }
},
{
  "model": "shopit.product",
  "pk": 2,
  "fields": {
    "polymorphic_ctype": [
      "shopit",
      "product"
    ],
    "created_at": "2018-05-09T06:55:50.404Z",
    "updated_at": "2018-05-09T07:02:12.098Z",
    "active": true,
    "code": "2",
    "_category": null,
    "_brand": null,
    "_manufacturer": null,
    "_unit_price": 0.0,
    "_discount": null,
    "_tax": null,
    "kind": 2,
    "discountable": true,
    "_width": null,
    "_height": null,
    "_depth": null,
    "_weight": null,
    "group": 1,
    "published": "2018-05-09T06:55:50Z",
    "quantity": null,
    "order": 1525848749000,
    "content": 16,
    "modifiers": [],
    "flags": [],
    "available_attributes": []
  }
},
{
  "model": "shopit.product",
  "pk": 3,
  "fields": {
    "polymorphic_ctype": [
      "shopit",
      "product"
    ],
    "created_at": "2018-05-09T06:55:50.421Z",
    "updated_at": "2018-05-09T07:02:37.045Z",
    "active": true,
    "code": "3",
    "_category": null,
    "_brand": null,
    "_manufacturer": null,
    "_unit_price": 0.0,
    "_discount": null,
    "_tax": null,
    "kind": 2,
    "discountable": true,
    "_width": null,
    "_height": null,
    "_depth": null,
    "_weight": null,
    "group": 1,
    "published": "2018-05-09T06:55:50Z",
    "quantity": null,
    "order": 1525848749000,
    "content": 17,
    "modifiers": [],
    "flags": [],
    "available_attributes": []
  }
},
{
  "model": "shopit.product",
  "pk": 4,
  "fields": {
    "polymorphic_ctype": [
      "shopit",
      "product"
    ],
    "created_at": "2018-05-09T06:55:50.438Z",
    "updated_at": "2018-05-09T07:02:43.529Z",
    "active": true,
    "code": "4",
    "_category": null,
    "_brand": null,
    "_manufacturer": null,
    "_unit_price": 0.0,
    "_discount": null,
    "_tax": null,
    "kind": 2,
    "discountable": true,
    "_width": null,
    "_height": null,
    "_depth": null,
    "_weight": null,
    "group": 1,
    "published": "2018-05-09T06:55:50Z",
    "quantity": null,
    "order": 1525848749000,
    "content": 18,
    "modifiers": [],
    "flags": [],
    "available_attributes": []
  }
},
{
  "model": "shopit.product",
  "pk": 5,
  "fields": {
    "polymorphic_ctype": [
      "shopit",
      "product"
    ],
    "created_at": "2018-05-09T06:55:50.453Z",
    "updated_at": "2018-05-09T07:02:29.689Z",
    "active": true,
    "code": "5",
    "_category": null,
    "_brand": null,
    "_manufacturer": null,
    "_unit_price": 0.0,
    "_discount": "10.00",
    "_tax": null,
    "kind": 2,
    "discountable": true,
    "_width": null,
    "_height": null,
    "_depth": null,
    "_weight": null,
    "group": 1,
    "published": "2018-05-09T06:55:50Z",
    "quantity": null,
    "order": 1525848749000,
    "content": 19,
    "modifiers": [],
    "flags": [],
    "available_attributes": []
  }
},
{
  "model": "shopit.product",
  "pk": 6,
  "fields": {
    "polymorphic_ctype": [
      "shopit",
      "product"
    ],
    "created_at": "2018-05-09T06:55:50.468Z",
    "updated_at": "2018-05-09T07:02:51.304Z",
    "active": true,
    "code": "6",
    "_category": null,
    "_brand": null,
    "_manufacturer": null,
    "_unit_price": 0.0,
    "_discount": null,
    "_tax": null,
    "kind": 2,
    "discountable": true,
    "_width": null,
    "_height": null,
    "_depth": null,
    "_weight": null,
    "group": 1,
    "published": "2018-05-09T06:55:50Z",
    "quantity": null,
    "order": 1525848749000,
    "content": 20,
    "modifiers": [],
    "flags": [],
    "available_attributes": []
  }
},
{
  "model": "shopit.product",
  "pk": 7,
  "fields": {
    "polymorphic_ctype": [
      "shopit",
      "product"
    ],
    "created_at": "2018-05-09T06:55:50.483Z",
    "updated_at": "2018-05-09T07:03:00.054Z",
    "active": true,
    "code": "7",
    "_category": null,
    "_brand": null,
    "_manufacturer": null,
    "_unit_price": 0.0,
    "_discount": null,
    "_tax": null,
    "kind": 2,
    "discountable": true,
    "_width": null,
    "_height": null,
    "_depth": null,
    "_weight": null,
    "group": 1,
    "published": "2018-05-09T06:55:50Z",
    "quantity": null,
    "order": 1525848749000,
    "content": 21,
    "modifiers": [],
    "flags": [],
    "available_attributes": []
  }
},
{
  "model": "shopit.product",
  "pk": 8,
  "fields": {
    "polymorphic_ctype": [
      "shopit",
      "product"
    ],
    "created_at": "2018-05-09T06:55:50.497Z",
    "updated_at": "2018-05-09T07:03:07.004Z",
    "active": true,
    "code": "8",
    "_category": null,
    "_brand": null,
    "_manufacturer": null,
    "_unit_price": 0.0,
    "_discount": null,
    "_tax": null,
    "kind": 2,
    "discountable": true,
    "_width": null,
    "_height": null,
    "_depth": null,
    "_weight": null,
    "group": 1,
    "published": "2018-05-09T06:55:50Z",
    "quantity": null,
    "order": 1525848749000,
    "content": 22,
    "modifiers": [],
    "flags": [],
    "available_attributes": []
  }
},
{
  "model": "shopit.product",
  "pk": 9,
  "fields": {
    "polymorphic_ctype": [
      "shopit",
      "product"
    ],
    "created_at": "2018-05-09T06:55:50.512Z",
    "updated_at": "2018-05-09T07:03:13.847Z",
    "active": true,
    "code": "9",
    "_category": null,
    "_brand": null,
    "_manufacturer": null,
    "_unit_price": 0.0,
    "_discount": null,
    "_tax": null,
    "kind": 2,
    "discountable": true,
    "_width": null,
    "_height": null,
    "_depth": null,
    "_weight": null,
    "group": 1,
    "published": "2018-05-09T06:55:50Z",
    "quantity": null,
    "order": 1525848749000,
    "content": 23,
    "modifiers": [],
    "flags": [],
    "available_attributes": []
  }
},
{
  "model": "shopit.product",
  "pk": 10,
  "fields": {
    "polymorphic_ctype": [
      "shopit",
      "product"
    ],
    "created_at": "2018-05-09T06:55:50.528Z",
    "updated_at": "2018-05-09T07:03:19.720Z",
    "active": true,
    "code": "10",
    "_category": null,
    "_brand": null,
    "_manufacturer": null,
    "_unit_price": 0.0,
    "_discount": null,
    "_tax": null,
    "kind": 2,
    "discountable": true,
    "_width": null,
    "_height": null,
    "_depth": null,
    "_weight": null,
    "group": 1,
    "published": "2018-05-09T06:55:50Z",
    "quantity": null,
    "order": 1525848749000,
    "content": 24,
    "modifiers": [],
    "flags": [],
    "available_attributes": []
  }
},
{
  "model": "shopit.product",
  "pk": 11,
  "fields": {
    "polymorphic_ctype": [
      "shopit",
      "product"
    ],
    "created_at": "2018-05-09T06:55:50.546Z",
    "updated_at": "2018-05-09T07:03:26.389Z",
    "active": true,
    "code": "11",
    "_category": null,
    "_brand": null,
    "_manufacturer": null,
    "_unit_price": 0.0,
    "_discount": null,
    "_tax": null,
    "kind": 2,
    "discountable": true,
    "_width": null,
    "_height": null,
    "_depth": null,
    "_weight": null,
    "group": 1,
    "published": "2018-05-09T06:55:50Z",
    "quantity": null,
    "order": 1525848749000,
    "content": 25,
    "modifiers": [],
    "flags": [],
    "available_attributes": []
  }
},
{
  "model": "shopit.product",
  "pk": 12,
  "fields": {
    "polymorphic_ctype": [
      "shopit",
      "product"
    ],
    "created_at": "2018-05-09T06:55:50.564Z",
    "updated_at": "2018-05-09T07:03:32.296Z",
    "active": true,
    "code": "12",
    "_category": null,
    "_brand": null,
    "_manufacturer": null,
    "_unit_price": 0.0,
    "_discount": null,
    "_tax": null,
    "kind": 2,
    "discountable": true,
    "_width": null,
    "_height": null,
    "_depth": null,
    "_weight": null,
    "group": 1,
    "published": "2018-05-09T06:55:50Z",
    "quantity": null,
    "order": 1525848749000,
    "content": 26,
    "modifiers": [],
    "flags": [],
    "available_attributes": []
  }
},
{
  "model": "shopit.product",
  "pk": 13,
  "fields": {
    "polymorphic_ctype": [
      "shopit",
      "product"
    ],
    "created_at": "2018-05-09T06:55:50.580Z",
    "updated_at": "2018-05-09T07:03:37.953Z",
    "active": true,
    "code": "13",
    "_category": null,
    "_brand": null,
    "_manufacturer": null,
    "_unit_price": 0.0,
    "_discount": null,
    "_tax": null,
    "kind": 2,
    "discountable": true,
    "_width": null,
    "_height": null,
    "_depth": null,
    "_weight": null,
    "group": 1,
    "published": "2018-05-09T06:55:50Z",
    "quantity": null,
    "order": 1525848749000,
    "content": 27,
    "modifiers": [],
    "flags": [],
    "available_attributes": []
  }
},
{
  "model": "shopit.product",
  "pk": 14,
  "fields": {
    "polymorphic_ctype": [
      "shopit",
      "product"
    ],
    "created_at": "2018-05-09T07:00:44.585Z",
    "updated_at": "2018-05-09T07:20:51.869Z",
    "active": true,
    "code": "14",
    "_category": 1,
    "_brand": 2,
    "_manufacturer": 1,
    "_unit_price": 499.0,
    "_discount": null,
    "_tax": null,
    "kind": 1,
    "discountable": true,
    "_width": null,
    "_height": null,
    "_depth": null,
    "_weight": null,
    "group": null,
    "published": "2018-05-09T06:57:35Z",
    "quantity": null,
    "order": 1525849055000,
    "content": 29,
    "modifiers": [
      2
    ],
    "flags": [],
    "available_attributes": [
      3,
      4
    ]
  }
},
{
  "model": "shopit.product",
  "pk": 15,
  "fields": {
    "polymorphic_ctype": [
      "shopit",
      "product"
    ],
    "created_at": "2018-05-09T07:00:54.959Z",
    "updated_at": "2018-05-09T07:00:54.963Z",
    "active": true,
    "code": "15",
    "_category": null,
    "_brand": null,
    "_manufacturer": null,
    "_unit_price": 0.0,
    "_discount": null,
    "_tax": null,
    "kind": 2,
    "discountable": true,
    "_width": null,
    "_height": null,
    "_depth": null,
    "_weight": null,
    "group": 14,
    "published": "2018-05-09T07:00:54.957Z",
    "quantity": null,
    "order": 1525849055000,
    "content": 30,
    "modifiers": [],
    "flags": [],
    "available_attributes": []
  }
},
{
  "model": "shopit.product",
  "pk": 16,
  "fields": {
    "polymorphic_ctype": [
      "shopit",
      "product"
    ],
    "created_at": "2018-05-09T07:00:54.975Z",
    "updated_at": "2018-05-09T07:00:54.979Z",
    "active": true,
    "code": "16",
    "_category": null,
    "_brand": null,
    "_manufacturer": null,
    "_unit_price": 0.0,
    "_discount": null,
    "_tax": null,
    "kind": 2,
    "discountable": true,
    "_width": null,
    "_height": null,
    "_depth": null,
    "_weight": null,
    "group": 14,
    "published": "2018-05-09T07:00:54.974Z",
    "quantity": null,
    "order": 1525849055000,
    "content": 31,
    "modifiers": [],
    "flags": [],
    "available_attributes": []
  }
},
{
  "model": "shopit.product",
  "pk": 17,
  "fields": {
    "polymorphic_ctype": [
      "shopit",
      "product"
    ],
    "created_at": "2018-05-09T07:00:54.991Z",
    "updated_at": "2018-05-09T07:00:54.994Z",
    "active": true,
    "code": "17",
    "_category": null,
    "_brand": null,
    "_manufacturer": null,
    "_unit_price": 0.0,
    "_discount": null,
    "_tax": null,
    "kind": 2,
    "discountable": true,
    "_width": null,
    "_height": null,
    "_depth": null,
    "_weight": null,
    "group": 14,
    "published": "2018-05-09T07:00:54.990Z",
    "quantity": null,
    "order": 1525849055000,
    "content": 32,
    "modifiers": [],
    "flags": [],
    "available_attributes": []
  }
},
{
  "model": "shopit.product",
  "pk": 18,
  "fields": {
    "polymorphic_ctype": [
      "shopit",
      "product"
    ],
    "created_at": "2018-05-09T07:00:55.005Z",
    "updated_at": "2018-05-09T07:00:55.009Z",
    "active": true,
    "code": "18",
    "_category": null,
    "_brand": null,
    "_manufacturer": null,
    "_unit_price": 0.0,
    "_discount": null,
    "_tax": null,
    "kind": 2,
    "discountable": true,
    "_width": null,
    "_height": null,
    "_depth": null,
    "_weight": null,
    "group": 14,
    "published": "2018-05-09T07:00:55.004Z",
    "quantity": null,
    "order": 1525849055000,
    "content": 33,
    "modifiers": [],
    "flags": [],
    "available_attributes": []
  }
},
{
  "model": "shopit.product",
  "pk": 19,
  "fields": {
    "polymorphic_ctype": [
      "shopit",
      "product"
    ],
    "created_at": "2018-05-09T07:00:55.021Z",
    "updated_at": "2018-05-09T07:00:55.024Z",
    "active": true,
    "code": "19",
    "_category": null,
    "_brand": null,
    "_manufacturer": null,
    "_unit_price": 0.0,
    "_discount": null,
    "_tax": null,
    "kind": 2,
    "discountable": true,
    "_width": null,
    "_height": null,
    "_depth": null,
    "_weight": null,
    "group": 14,
    "published": "2018-05-09T07:00:55.019Z",
    "quantity": null,
    "order": 1525849055000,
    "content": 34,
    "modifiers": [],
    "flags": [],
    "available_attributes": []
  }
},
{
  "model": "shopit.product",
  "pk": 20,
  "fields": {
    "polymorphic_ctype": [
      "shopit",
      "product"
    ],
    "created_at": "2018-05-09T07:00:55.034Z",
    "updated_at": "2018-05-09T07:00:55.038Z",
    "active": true,
    "code": "20",
    "_category": null,
    "_brand": null,
    "_manufacturer": null,
    "_unit_price": 0.0,
    "_discount": null,
    "_tax": null,
    "kind": 2,
    "discountable": true,
    "_width": null,
    "_height": null,
    "_depth": null,
    "_weight": null,
    "group": 14,
    "published": "2018-05-09T07:00:55.033Z",
    "quantity": null,
    "order": 1525849055000,
    "content": 35,
    "modifiers": [],
    "flags": [],
    "available_attributes": []
  }
},
{
  "model": "shopit.product",
  "pk": 21,
  "fields": {
    "polymorphic_ctype": [
      "shopit",
      "product"
    ],
    "created_at": "2018-05-09T07:00:55.050Z",
    "updated_at": "2018-05-09T07:00:55.053Z",
    "active": true,
    "code": "21",
    "_category": null,
    "_brand": null,
    "_manufacturer": null,
    "_unit_price": 0.0,
    "_discount": null,
    "_tax": null,
    "kind": 2,
    "discountable": true,
    "_width": null,
    "_height": null,
    "_depth": null,
    "_weight": null,
    "group": 14,
    "published": "2018-05-09T07:00:55.048Z",
    "quantity": null,
    "order": 1525849055000,
    "content": 36,
    "modifiers": [],
    "flags": [],
    "available_attributes": []
  }
},
{
  "model": "shopit.product",
  "pk": 22,
  "fields": {
    "polymorphic_ctype": [
      "shopit",
      "product"
    ],
    "created_at": "2018-05-09T07:00:55.064Z",
    "updated_at": "2018-05-09T07:00:55.067Z",
    "active": true,
    "code": "22",
    "_category": null,
    "_brand": null,
    "_manufacturer": null,
    "_unit_price": 0.0,
    "_discount": null,
    "_tax": null,
    "kind": 2,
    "discountable": true,
    "_width": null,
    "_height": null,
    "_depth": null,
    "_weight": null,
    "group": 14,
    "published": "2018-05-09T07:00:55.063Z",
    "quantity": null,
    "order": 1525849055000,
    "content": 37,
    "modifiers": [],
    "flags": [],
    "available_attributes": []
  }
},
{
  "model": "shopit.attributetranslation",
  "pk": 1,
  "fields": {
    "language_code": "en",
    "name": "iPhone color",
    "master": 1
  }
},
{
  "model": "shopit.attributetranslation",
  "pk": 2,
  "fields": {
    "language_code": "en",
    "name": "iPhone capacity",
    "master": 2
  }
},
{
  "model": "shopit.attributetranslation",
  "pk": 3,
  "fields": {
    "language_code": "en",
    "name": "Pixel color",
    "master": 3
  }
},
{
  "model": "shopit.attributetranslation",
  "pk": 4,
  "fields": {
    "language_code": "en",
    "name": "Pixel size",
    "master": 4
  }
},
{
  "model": "shopit.attribute",
  "pk": 1,
  "fields": {
    "code": "iphone-color",
    "template": null,
    "nullable": false,
    "active": true,
    "created_at": "2018-05-09T06:54:48.304Z",
    "updated_at": "2018-05-09T06:54:48.304Z",
    "order": 1
  }
},
{
  "model": "shopit.attribute",
  "pk": 2,
  "fields": {
    "code": "iphone-capacity",
    "template": null,
    "nullable": false,
    "active": true,
    "created_at": "2018-05-09T06:55:24.234Z",
    "updated_at": "2018-05-09T06:55:24.234Z",
    "order": 2
  }
},
{
  "model": "shopit.attribute",
  "pk": 3,
  "fields": {
    "code": "pixel-color",
    "template": null,
    "nullable": false,
    "active": true,
    "created_at": "2018-05-09T07:00:17.569Z",
    "updated_at": "2018-05-09T07:00:17.569Z",
    "order": 3
  }
},
{
  "model": "shopit.attribute",
  "pk": 4,
  "fields": {
    "code": "pixel-size",
    "template": null,
    "nullable": true,
    "active": true,
    "created_at": "2018-05-09T07:00:41.054Z",
    "updated_at": "2018-05-09T07:00:41.054Z",
    "order": 4
  }
},
{
  "model": "shopit.attributechoicetranslation",
  "pk": 1,
  "fields": {
    "language_code": "en",
    "name": "Space Gray",
    "master": 1
  }
},
{
  "model": "shopit.attributechoicetranslation",
  "pk": 2,
  "fields": {
    "language_code": "en",
    "name": "Silver",
    "master": 2
  }
},
{
  "model": "shopit.attributechoicetranslation",
  "pk": 3,
  "fields": {
    "language_code": "en",
    "name": "Gold",
    "master": 3
  }
},
{
  "model": "shopit.attributechoicetranslation",
  "pk": 4,
  "fields": {
    "language_code": "en",
    "name": "Rose Gold",
    "master": 4
  }
},
{
  "model": "shopit.attributechoicetranslation",
  "pk": 5,
  "fields": {
    "language_code": "en",
    "name": "",
    "master": 5
  }
},
{
  "model": "shopit.attributechoicetranslation",
  "pk": 6,
  "fields": {
    "language_code": "en",
    "name": "",
    "master": 6
  }
},
{
  "model": "shopit.attributechoicetranslation",
  "pk": 7,
  "fields": {
    "language_code": "en",
    "name": "",
    "master": 7
  }
},
{
  "model": "shopit.attributechoicetranslation",
  "pk": 8,
  "fields": {
    "language_code": "en",
    "name": "Just Black",
    "master": 8
  }
},
{
  "model": "shopit.attributechoicetranslation",
  "pk": 9,
  "fields": {
    "language_code": "en",
    "name": "Clearly White",
    "master": 9
  }
},
{
  "model": "shopit.attributechoicetranslation",
  "pk": 10,
  "fields": {
    "language_code": "en",
    "name": "Kinda Blue",
    "master": 10
  }
},
{
  "model": "shopit.attributechoicetranslation",
  "pk": 11,
  "fields": {
    "language_code": "en",
    "name": "Black & White",
    "master": 11
  }
},
{
  "model": "shopit.attributechoicetranslation",
  "pk": 12,
  "fields": {
    "language_code": "en",
    "name": "",
    "master": 12
  }
},
{
  "model": "shopit.attributechoice",
  "pk": 1,
  "fields": {
    "attribute": 1,
    "value": "space-gray",
    "file": null,
    "order": 1
  }
},
{
  "model": "shopit.attributechoice",
  "pk": 2,
  "fields": {
    "attribute": 1,
    "value": "silver",
    "file": null,
    "order": 2
  }
},
{
  "model": "shopit.attributechoice",
  "pk": 3,
  "fields": {
    "attribute": 1,
    "value": "gold",
    "file": null,
    "order": 3
  }
},
{
  "model": "shopit.attributechoice",
  "pk": 4,
  "fields": {
    "attribute": 1,
    "value": "rose-gold",
    "file": null,
    "order": 4
  }
},
{
  "model": "shopit.attributechoice",
  "pk": 5,
  "fields": {
    "attribute": 2,
    "value": "64g",
    "file": null,
    "order": 1
  }
},
{
  "model": "shopit.attributechoice",
  "pk": 6,
  "fields": {
    "attribute": 2,
    "value": "128g",
    "file": null,
    "order": 2
  }
},
{
  "model": "shopit.attributechoice",
  "pk": 7,
  "fields": {
    "attribute": 2,
    "value": "256g",
    "file": null,
    "order": 3
  }
},
{
  "model": "shopit.attributechoice",
  "pk": 8,
  "fields": {
    "attribute": 3,
    "value": "black",
    "file": null,
    "order": 1
  }
},
{
  "model": "shopit.attributechoice",
  "pk": 9,
  "fields": {
    "attribute": 3,
    "value": "white",
    "file": null,
    "order": 2
  }
},
{
  "model": "shopit.attributechoice",
  "pk": 10,
  "fields": {
    "attribute": 3,
    "value": "blue",
    "file": null,
    "order": 3
  }
},
{
  "model": "shopit.attributechoice",
  "pk": 11,
  "fields": {
    "attribute": 3,
    "value": "black-white",
    "file": null,
    "order": 4
  }
},
{
  "model": "shopit.attributechoice",
  "pk": 12,
  "fields": {
    "attribute": 4,
    "value": "XL",
    "file": null,
    "order": 1
  }
},
{
  "model": "shopit.attributevalue",
  "pk": 1,
  "fields": {
    "attribute": 1,
    "product": 2,
    "choice": 1
  }
},
{
  "model": "shopit.attributevalue",
  "pk": 2,
  "fields": {
    "attribute": 2,
    "product": 2,
    "choice": 5
  }
},
{
  "model": "shopit.attributevalue",
  "pk": 3,
  "fields": {
    "attribute": 1,
    "product": 3,
    "choice": 1
  }
},
{
  "model": "shopit.attributevalue",
  "pk": 4,
  "fields": {
    "attribute": 2,
    "product": 3,
    "choice": 6
  }
},
{
  "model": "shopit.attributevalue",
  "pk": 5,
  "fields": {
    "attribute": 1,
    "product": 4,
    "choice": 1
  }
},
{
  "model": "shopit.attributevalue",
  "pk": 6,
  "fields": {
    "attribute": 2,
    "product": 4,
    "choice": 7
  }
},
{
  "model": "shopit.attributevalue",
  "pk": 7,
  "fields": {
    "attribute": 1,
    "product": 5,
    "choice": 2
  }
},
{
  "model": "shopit.attributevalue",
  "pk": 8,
  "fields": {
    "attribute": 2,
    "product": 5,
    "choice": 5
  }
},
{
  "model": "shopit.attributevalue",
  "pk": 9,
  "fields": {
    "attribute": 1,
    "product": 6,
    "choice": 2
  }
},
{
  "model": "shopit.attributevalue",
  "pk": 10,
  "fields": {
    "attribute": 2,
    "product": 6,
    "choice": 6
  }
},
{
  "model": "shopit.attributevalue",
  "pk": 11,
  "fields": {
    "attribute": 1,
    "product": 7,
    "choice": 2
  }
},
{
  "model": "shopit.attributevalue",
  "pk": 12,
  "fields": {
    "attribute": 2,
    "product": 7,
    "choice": 7
  }
},
{
  "model": "shopit.attributevalue",
  "pk": 13,
  "fields": {
    "attribute": 1,
    "product": 8,
    "choice": 3
  }
},
{
  "model": "shopit.attributevalue",
  "pk": 14,
  "fields": {
    "attribute": 2,
    "product": 8,
    "choice": 5
  }
},
{
  "model": "shopit.attributevalue",
  "pk": 15,
  "fields": {
    "attribute": 1,
    "product": 9,
    "choice": 3
  }
},
{
  "model": "shopit.attributevalue",
  "pk": 16,
  "fields": {
    "attribute": 2,
    "product": 9,
    "choice": 6
  }
},
{
  "model": "shopit.attributevalue",
  "pk": 17,
  "fields": {
    "attribute": 1,
    "product": 10,
    "choice": 3
  }
},
{
  "model": "shopit.attributevalue",
  "pk": 18,
  "fields": {
    "attribute": 2,
    "product": 10,
    "choice": 7
  }
},
{
  "model": "shopit.attributevalue",
  "pk": 19,
  "fields": {
    "attribute": 1,
    "product": 11,
    "choice": 4
  }
},
{
  "model": "shopit.attributevalue",
  "pk": 20,
  "fields": {
    "attribute": 2,
    "product": 11,
    "choice": 5
  }
},
{
  "model": "shopit.attributevalue",
  "pk": 21,
  "fields": {
    "attribute": 1,
    "product": 12,
    "choice": 4
  }
},
{
  "model": "shopit.attributevalue",
  "pk": 22,
  "fields": {
    "attribute": 2,
    "product": 12,
    "choice": 6
  }
},
{
  "model": "shopit.attributevalue",
  "pk": 23,
  "fields": {
    "attribute": 1,
    "product": 13,
    "choice": 4
  }
},
{
  "model": "shopit.attributevalue",
  "pk": 24,
  "fields": {
    "attribute": 2,
    "product": 13,
    "choice": 7
  }
},
{
  "model": "shopit.attributevalue",
  "pk": 25,
  "fields": {
    "attribute": 3,
    "product": 15,
    "choice": 8
  }
},
{
  "model": "shopit.attributevalue",
  "pk": 26,
  "fields": {
    "attribute": 4,
    "product": 15,
    "choice": null
  }
},
{
  "model": "shopit.attributevalue",
  "pk": 27,
  "fields": {
    "attribute": 3,
    "product": 16,
    "choice": 8
  }
},
{
  "model": "shopit.attributevalue",
  "pk": 28,
  "fields": {
    "attribute": 4,
    "product": 16,
    "choice": 12
  }
},
{
  "model": "shopit.attributevalue",
  "pk": 29,
  "fields": {
    "attribute": 3,
    "product": 17,
    "choice": 9
  }
},
{
  "model": "shopit.attributevalue",
  "pk": 30,
  "fields": {
    "attribute": 4,
    "product": 17,
    "choice": null
  }
},
{
  "model": "shopit.attributevalue",
  "pk": 31,
  "fields": {
    "attribute": 3,
    "product": 18,
    "choice": 9
  }
},
{
  "model": "shopit.attributevalue",
  "pk": 32,
  "fields": {
    "attribute": 4,
    "product": 18,
    "choice": 12
  }
},
{
  "model": "shopit.attributevalue",
  "pk": 33,
  "fields": {
    "attribute": 3,
    "product": 19,
    "choice": 10
  }
},
{
  "model": "shopit.attributevalue",
  "pk": 34,
  "fields": {
    "attribute": 4,
    "product": 19,
    "choice": null
  }
},
{
  "model": "shopit.attributevalue",
  "pk": 35,
  "fields": {
    "attribute": 3,
    "product": 20,
    "choice": 10
  }
},
{
  "model": "shopit.attributevalue",
  "pk": 36,
  "fields": {
    "attribute": 4,
    "product": 20,
    "choice": 12
  }
},
{
  "model": "shopit.attributevalue",
  "pk": 37,
  "fields": {
    "attribute": 3,
    "product": 21,
    "choice": 11
  }
},
{
  "model": "shopit.attributevalue",
  "pk": 38,
  "fields": {
    "attribute": 4,
    "product": 21,
    "choice": null
  }
},
{
  "model": "shopit.attributevalue",
  "pk": 39,
  "fields": {
    "attribute": 3,
    "product": 22,
    "choice": 11
  }
},
{
  "model": "shopit.attributevalue",
  "pk": 40,
  "fields": {
    "attribute": 4,
    "product": 22,
    "choice": 12
  }
}
]
